,Plant_Species_Corrected,family,genus,mFruitLength_sp,,
1,Antrocaryon_klaineanum,Anacardiaceae,Antrocaryon,3,https://uses.plantnet-project.org/e/index.php?title=Antrocaryon_klaineanum_(PROTA)&mobileaction=toggle_view_mobile,
2,Canarium_schweinfurthii,Burseraceae,Canarium,37.25,Sinnott-Armstrong2019,
3,Chrysophyllum_beguei,Sapotaceae,Chrysophyllum,2.8,http://www.worldfloraonline.org/taxon/wfo-0000854366,
4,Detarium_macrocarpum,Fabaceae,Detarium,4,https://pdf.sciencedirectassets.com/271163/1-s2.0-S0308814618X00260/1-s2.0-S0308814618316418/am.pdf?X-Amz-Security-Token=IQoJb3JpZ2luX2VjEOv%2F%2F%2F%2F%2F%2F%2F%2F%2F%2FwEaCXVzLWVhc3QtMSJIMEYCIQCrJ0M0j66bT0eVH8%2BhwZCDRWmh32BFpZPrS48Vj4CTygIhAN6xB4yJiOkNXt9hc4mDD%2FSrX%2BaZyG1KTXWsvtDKcKHiKtUECMT%2F%2F%2F%2F%2F%2F%2F%2F%2F%2FwEQBRoMMDU5MDAzNTQ2ODY1IgysXZrY6CzTsQAEa3gqqQRg1KYSsDUrhmGYSoOxfL32kFcFXdasWqTYfawcipGIBze8XsEdUzYTKgRBVCIPKPhTlgLdwtkCgOx%2BMMbh5NjVc0wIPh8OTBOTUq74%2BfrylLgwbLMsz7j04aUR%2FU0bgbJEaTyk2OAQcRgAWGYtwBLcchOC8LPkzGQ3%2BP%2BwHv051g9FuqdaVDJCt580sHRJxkKCnuOvoHqcq5QQIyO1MGbu1kX7lPKxcalXKIzBKmrpwQVQqM7pVT%2FltY%2B%2FRKfCsAViJcIittMZTH76bzzlJimifYPr9b4xPKnPFIUqvcK3OOYWzlKunSzvL46Nvz7SxXkVQqDpboiXR6%2FGvZ%2FQ8m3FQLDfy0ni5u2C0ugrS4Vs3ykJZR6eAam4CTWxV1EXcY23YCQ0KyEYiMpXX7kHdVwc38%2FmoL39HQVBZlQMtz6QeFpyirRBZqZzgiuSrvtRIW1pAW6Y%2B96jFqHf6V9NGFfAqslQ%2BFfkjPt0%2Bp04c6IqQLdPdBiXRgJhfeVYKNZHA81D3%2FoOHiBISaXnTCVemkGCozAG5EK%2F8VZQkkRBP3IL9w2hjmeUDvzn91wzbB%2Bc1x9OV7g655DVxdFCn25obpKP%2BWdrfQwBzj4mrJYBP1nB5FJw8BohxFHrFuJ6JJXSR2zNRsZ%2B0nu1bsSeBqDPbHniVNFEydEkTVtqEJhrzaNBLAcI4z5VWOy2pSZngeBQzkIDO9%2FTbjHWAobvGft04ZOftjThqs09wqG0MJ7A25oGOqgBDHIofUXhR8bxL1FtunkYBnjysEb%2FmE0wbxX%2FvWiV9Ipx1LQ938WVBb1Iu87RN0W1wK2VsJfYaHSn0kmF7cmitATMjoG3%2FakimUzdGTZAA3SQkSu4Ar4DBjgQYsMU5DRV3S2OGax9nz6CiodWOxWB%2Bhi6hJPVoRb1NZB97R5Mo3aW6ChcaBlA4NdJ9nC1dSi2ocXqrpgYDENRjzLLqujcmnqO04WIWHXo&X-Amz-Algorithm=AWS4-HMAC-SHA256&X-Amz-Date=20221024T195248Z&X-Amz-SignedHeaders=host&X-Amz-Expires=300&X-Amz-Credential=ASIAQ3PHCVTYSNO6F7FP%2F20221024%2Fus-east-1%2Fs3%2Faws4_request&X-Amz-Signature=a98d15010955b1a0b1e87e7e4da30a6ab8c07cba226cf49e5aed996210f62023&hash=235e6cab61c71f1c37d4be9bcd6367f0d411c6744c241e247a72e872944d6b38&host=68042c943591013ac2b2430a89b270f6af2c76d8dfd086a07176afe7c76c2c61&pii=S0308814618316418&tid=pdf-f5c7d2b7-05d8-418a-b777-d624d2702775&sid=801b710b669be342894b423297de7f1c69a0gxrqa&type=client,
5,Hugonia_planchonii,Linaceae,Hugonia,14.6,Sinnott-Armstrong2019,
6,Hugonia_platysepala,Linaceae,Hugonia,NA,,
7,Hugonia_spicata,Linaceae,Hugonia,NA,,
8,Irvingia_gabonensis,Irvingiaceae,Irvingia,69.85,Sinnott-Armstrong2019,
9,Klainedoxa_gabonensis,Irvingiaceae,Klainedoxa,46.65,Sinnott-Armstrong2019,
10,Mammea_africana,Calophyllaceae,Mammea,NA,,
11,Pseudospondias_longifolia,Anacardiaceae,Pseudospondias,12,https://link.springer.com/article/10.1007/s12229-018-9201-1,
12,Ricinodendron_heudelotii,Euphorbiaceae,Ricinodendron,29.28333333,Sinnott-Armstrong2019,
13,Donella_pruniformis,Sapotaceae,Donella,3.8,https://www.cambridge.org/core/journals/edinburgh-journal-of-botany/article/reinstatement-recircumscription-and-revision-of-the-genus-donella-sapotaceae/ACA1926810B120116A51A33CCB3D8C15,
14,Annickia_chlorantha,Annonaceae,Annickia,NA,,
15,Anopyxis_klaineana,Rhizophoraceae,Anopyxis,3.5,https://www.prota4u.org/database/protav8.asp?g=pe&p=Anopyxis+klaineana+(Pierre)+Engl.,
16,Blighia_welwitschii,Sapindaceae,Blighia,3.5,https://uses.plantnet-project.org/e/index.php?title=Blighia_welwitschii_(PROTA)&mobileaction=toggle_view_desktop,
17,Bridelia_atroviridis,Phyllanthaceae,Bridelia,7.197428571,Sinnott-Armstrong2019,
18,Celtis_mildbraedii,Cannabaceae,Celtis,8.583333333,Sinnott-Armstrong2019,
19,Celtis_tessmannii,Cannabaceae,Celtis,NA,,
20,Cleistopholis_glauca,Annonaceae,Cleistopholis,NA,,
21,Cleistopholis_patens,Annonaceae,Cleistopholis,NA,,
22,Coelocaryon_preussii,Myristicaceae,Coelocaryon,3.75,https://www.prota4u.org/database/protav8.asp?g=pe&p=Coelocaryon+preussii+Warb.,
23,Pachylobus_edulis,Burseraceae,Pachylobus,6.1,https://www.researchgate.net/publication/232997097_Classification_of_Dacryodes_Edulis_G_DON_HJ_Lam_by_using_morphological_and_physical_characteristics_of_the_fruits_A_statistical_approach/link/573b782a08ae9ace840eaade/download,
24,Discoglypremna_caloneura,Euphorbiaceae,Discoglypremna,0.7,https://www.prota4u.org/database/protav8.asp?g=pe&p=Discoglypremna+caloneura+(Pax)+Prain,
25,Duguetia_staudtii,Annonaceae,Duguetia,NA,,
26,Elaeis_guineensis,Arecaceae,Elaeis,38.75,Sinnott-Armstrong2019,
27,Eremospatha_macrocarpa,Arecaceae,Eremospatha,2.4,https://www.palmpedia.net/wiki/Eremospatha_macrocarpa,
28,Eriocoelum_macrocarpum,Sapindaceae,Eriocoelum,NA,,
29,Ficus_thonningii,Moraceae,Ficus,7.833307692,Sinnott-Armstrong2019,
30,Greenwayodendron_suaveolens,Annonaceae,Greenwayodendron,15,Sinnott-Armstrong2019,
31,Leplaea_cedrata,Meliaceae,Leplaea,NA,,
32,Guarea_thompsonii,Meliaceae,Guarea,NA,,
33,Heisteria_zimmereri,Olacaceae,Heisteria,1.1,https://uses.plantnet-project.org/en/Heisteria_parvifolia_(PROTA),
34,Laccosperma_secundiflorum,Arecaceae,Laccosperma,1.9,https://www.palmpedia.net/wiki/Laccosperma_secundiflorum,
35,Lannea_welwitschii,Anacardiaceae,Lannea,7.960666667,Sinnott-Armstrong2019,
36,Maesopsis_eminii,Rhamnaceae,Maesopsis,25.7,Sinnott-Armstrong2019,
37,Margaritaria_discoidea,Phyllanthaceae,Margaritaria,6,Sinnott-Armstrong2019,
38,Musanga_cecropioides,Urticaceae,Musanga,11.5,https://pfaf.org/user/Plant.aspx?LatinName=Musanga+cecropioides,
39,Petersianthus_macrocarpus,Lecythidaceae,Petersianthus,7,https://prota4u.org/database/protav8.asp?g=pe&p=Petersianthus+macrocarpus+(P.Beauv.)+Liben,
40,Pycnanthus_angolensis,Myristicaceae,Pycnanthus,34.9625,Sinnott-Armstrong2019,
41,Raphia_monbuttorum,Arecaceae,Raphia,9,https://www.jstor.org/stable/pdf/4108027.pdf?refreqid=excelsior%3A1d211f28173cbdf6a4c157d8e368cc62&ab_segments=&origin=,
42,Rauvolfia_caffra,Apocynaceae,Rauvolfia,14.68333333,Sinnott-Armstrong2019,
43,Staudtia_kamerunensis,Myristicaceae,Staudtia,25.4,Sinnott-Armstrong2019,
44,Sterculia_oblonga,Malvaceae,Sterculia,6,https://www.nparks.gov.sg/florafaunaweb/flora/3/1/3140,
45,Strombosia_pustulata,Olacaceae,Strombosia,NA,,
46,Strombosia_scheffleri,Olacaceae,Strombosia,24.045,Sinnott-Armstrong2019,
47,Strombosiopsis_tetrandra,Olacaceae,Strombosiopsis,NA,,
48,Terminalia_superba,Combretaceae,Terminalia,7.9,http://apps.worldagroforestry.org/treedb/AFTPDFS/Terminalia_ivorensis.PDF,
49,Trichilia_gilgiana,Meliaceae,Trichilia,NA,,
50,Trichilia_heudelotii,Meliaceae,Trichilia,NA,,
51,Uapaca_mole,Phyllanthaceae,Uapaca,2.75,https://www.prota.org,
52,Psorospermum_guineense,Hypericaceae,Psorospermum,NA,,
53,Breviea_sericea,Sapotaceae,Breviea,NA,,
54,Ficus_ampelos,Moraceae,Ficus,NA,,
55,Sterculia_tragacantha,Malvaceae,Sterculia,NA,,
56,Duboscia_macrocarpa,Malvaceae,Duboscia,NA,,
57,Ongokea_gore,Olacaceae,Ongokea,NA,,
58,Tetrapleura_tetraptera,Fabaceae,Tetrapleura,20,http://apps.worldagroforestry.org/treedb/AFTPDFS/Tetrapleura_tetraptera.PDF,
59,Anthonotha_fragrans,Fabaceae,Anthonotha,8.25,https://www.prota4u.org/database/protav8.asp?g=pe&p=Anthonotha+fragrans+(Baker+f.)+Exell+&+Hillc.,
60,Anthonotha_sassandraensis,Fabaceae,Anthonotha,13,https://plants.jstor.org/stable/10.5555/al.ap.specimen.p00368027,
61,Berlinia_grandiflora,Fabaceae,Berlinia,30,https://prota4u.org/database/protav8.asp?g=pe&p=Berlinia+grandiflora+(Vahl)+Hutch.+&+Dalziel,
62,Coelocaryon_oxycarpum,Myristicaceae,Coelocaryon,3.75,https://uses.plantnet-project.org/en/Coelocaryon_preussii_(PROTA)#Coelocaryon_oxycarpum,
63,Coula_edulis,Olacaceae,Coula,4,https://www.researchgate.net/publication/286202893_Reproductive_ecology_of_Coula_edulis_Baill_source_of_a_valuable_nontimber_forest_product,
64,Dialium_polyanthum,Fabaceae,Dialium,1.75,https://www.nparks.gov.sg/florafaunaweb/flora/3/9/3918,
65,Diospyros_sanza-minika,Ebenaceae,Diospyros,5,https://uses.plantnet-project.org/en/Diospyros_sanza-minika_(PROTA)#Diospyros_cooperi,
66,Diospyros_soubreana,Ebanaceae,Diospyros,2,https://plants.jstor.org/compilation/diospyros.soubreana,
67,Gilbertiodendron_preussii,Fabaceae,Gilbertiodendron,22.5,https://www.prota4u.org/database/protav8.asp?g=pe&p=Gilbertiodendron+dewevrei+(De+Wild.)+J.L%E9onard,
68,Maesobotrya_barteri,Phyllanthaceae,Maesobotrya,1,https://plants.jstor.org/stable/10.5555/al.ap.upwta.2_208,
69,Nauclea_diderrichii,Rubiaceae,Nauclea,31.75,Sinnott-Armstrong2019,
70,Parinari_excelsa,Chrysobalanaceae,Parinari,40.53571429,Sinnott-Armstrong2019,
71,Pentaclethra_macrophylla,Fabaceae,Pentaclethra,3.25,http://www.worldfloraonline.org/taxon/wfo-0000817744,
72,Pentadesma_butyracea,Clusiaceae,Pentadesma,50,https://prota4u.org/database/protav8.asp?g=pe&p=Pentaclethra+macrophylla+Benth.,
73,Sacoglottis_gabonensis,Humiriaceae,Sacoglottis,10.25,http://qualitree.neri.dk/index.php?page=report,
74,Scytopetalum_tieghemii,Lecythidaceae,Scytopetalum,3.5,https://www.prota4u.org/database/protav8.asp?g=pe&p=Sacoglottis+gabonensis+(Baill.)+Urb.,
75,Spondianthus_preussi,Phyllanthaceae,Spondianthus,0.5,https://plants.jstor.org/stable/10.5555/al.ap.specimen.fhi0033997-0,
76,Uapaca_guineensis,Phyllanthaceae,Uapaca,1.75,https://www.prota4u.org/database/protav8.asp?g=pe&p=Spondianthus+preussii,
77,Celtis_africana,Cannabaceae,Celtis,5,Sinnott-Armstrong2019,
78,Uvariopsis_congensis,Annonaceae,Uvariopsis,3,https://prota4u.org/database/protav8.asp?g=pe&p=Uvariopsis+congensis+Robyns+&+Ghesq.,
79,Aframomum_leptolepis,Zingiberaceae,Aframomum,10.765,https://www.ncbi.nlm.nih.gov/pmc/articles/PMC3689184/,
80,Gambeya_boukokoensis,Sapotaceae,Gambeya,NA,,
81,Uapaca_acuminata,Phyllanthaceae,Uapaca,2.75,https://www.prota.org,
82,Uapaca_uanhouttei,Phyllanthaceae,Uapaca,2.75,https://www.prota.org,
83,Biancaea_decapetala,Fabaceae,Biancaea,8.75,https://apps.lucidcentral.org/rainforest/text/entities/biancaea_decapetala.htm,
84,Funtumia_africana,Apocynaceae,Funtumia,30,https://apps.worldagroforestry.org/treedb/AFTPDFS/Funtumia_africana.PDF,
85,Musanga_leo-errerae,Urticaceae,Musanga,12,https://www.prota4u.org/database/protav8.asp?g=psk&p=Musanga%20cecropioides,
86,Palisota_mannii,Commelinaceae,Palisota,,,
87,Alafia_landolphioides,Apocynaceae,Alafia,31.5,https://www.yumpu.com/en/document/read/39813498/protabase-record-display-alafia-landolphioides-adc-prota4u,
88,Alstonia_boonei,Apocynaceae,Alstonia,39.5,https://www.prota4u.org/database/protav8.asp?g=pe&p=Alstonia+boonei+De+Wild.,
89,Antiaris_toxicaria,Moraceae,Antiaris,21.76875,Sinnott-Armstrong2019,
90,Bischofia_javanica,Phyllanthaceae,Bischofia,9,Sinnott-Armstrong2019,
91,Casearia_battiscombei,Salicaceae,Casearia,1.15,https://plants.jstor.org/compilation/Casearia.battiscombei,
92,Celtis_zenkeri,Cannabaceae,Celtis,8.660666667,Sinnott-Armstrong2019,
93,Gambeya_albida,Sapotaceae,Gambeya,7.8545,https://www.google.com/url?sa=t&rct=j&q=&esrc=s&source=web&cd=&ved=2ahUKEwjknOrqgv_6AhXoFVkFHSJeCU0QFnoECBEQAQ&url=https%3A%2F%2Fwww.ajol.info%2Findex.php%2Fgjpas%2Farticle%2Fview%2F45375%2F28857&usg=AOvVaw0bzhrDG3sYti-Vx5F2a09-,
94,Cordia_millenii,Boraginaceae,Cordia,36.6375,Sinnott-Armstrong2019,
95,Croton_macrostachyus,Euphorbiaceae,Croton,8.5,Sinnott-Armstrong2019,
96,Cynometra_alexandri,Fabaceae,Cynometra,7.5,https://prota4u.org/database/protav8.asp?g=pe&p=Cynometra+alexandri+C.H.Wright,
97,Dracaena_fragrans,Asparagaceae,Dracaena,15,Sinnott-Armstrong2019,
98,Ficus_lingua,Moraceae,Ficus,5,Sinnott-Armstrong2019,
99,Ficus_lutea,Moraceae,Ficus,19.75,Sinnott-Armstrong2019,
100,Ficus_natalensis,Moraceae,Ficus,13.75,Sinnott-Armstrong2019,
101,Ficus_sansibarica,Moraceae,Ficus,40,Sinnott-Armstrong2019,
102,Ficus_sur,Moraceae,Ficus,30,Sinnott-Armstrong2019,
103,Funtumia_elastica,Apocynaceae,Funtumia,304.8,Sinnott-Armstrong2019,
104,Harungana_madagascariensis,Asteraceae,Harungana,3.819166667,Sinnott-Armstrong2019,
105,Manilkara_butugi,Sapotaceae,Manilkara,11.43,https://hort.ifas.ufl.edu/trees/MANZAPA.pdf,
106,Mildbraediodendron_excelsum,Fabaceae,Mildbraediodendron,7,https://www.prota4u.org/database/protav8.asp?g=psk&p=Mildbraediodendron%20excelsum,
107,Mimulopsis_solmsii,Acanthaceae,Mimulopsis,14.5,https://plants.jstor.org/stable/10.5555/al.ap.flora.ftea010165,
108,Morus_mesozygia,Moraceae,Morus,5,Sinnott-Armstrong2019,
109,Musa_paradisiaca,Musaceae,Musa,190.5,Sinnott-Armstrong2019,
110,Psidium_guajava,Myrtaceae,Psidium,77.704,Sinnott-Armstrong2019,
111,Solanum_mauritianum,Solanaceae,Solanum,11.4,Sinnott-Armstrong2019,
112,Trilepisium_madagascariense,Moraceae,Trilepisium,15,Sinnott-Armstrong2019,
113,Vepris_nobilis,Rutaceae,Vepris,7,Sinnott-Armstrong2019,
114,Cissus_dinklagei,Vitaceae,Cissus,NA,,
115,Gambeya_lacourtiana,Sapotaceae,Gambeya,6.5,https://uses.plantnet-project.org/en/Chrysophyllum_lacourtianum_(PROTA),
116,Cissus_producta,Vitaceae,Cissus,14.5,Sinnott-Armstrong2019,
117,Drypetes_chevalieri,Putranjivaceae,Drypetes,2.5,https://prota4u.org/database/protav8.asp?g=pe&p=Drypetes+chevalieri+Beille,
118,Microcos_africana,Malvaceae,Microcos,NA,,
119,Hexalobus_crispiflorus,Annonaceae,Hexalobus,8.733,https://www.google.com/url?sa=t&rct=j&q=&esrc=s&source=web&cd=&ved=2ahUKEwjR1v3Plf_6AhVKFFkFHYuyD7QQFnoECBEQAQ&url=https%3A%2F%2Fcigrjournal.org%2Findex.php%2FEjounral%2Farticle%2Fdownload%2F3897%2F2761%2F21973&usg=AOvVaw2dcAj3jJJX77zpRbV1M4ai,
120,Plagiostyles_africana,Euphorbiaceae,Plagiostyles,2.5,,
121,Psychotria_camptopus,Rubiaceae,Psychotria,1,https://www.researchgate.net/publication/276247582_Distyly_and_floral_morphology_of_Psychotria_cephalophora_Rubiaceae_on_the_oceanic_Lanyu_Orchid_Island_Taiwan/link/5553185d08ae6943a86d999c/download,
122,Santiria_trimera,Burseraceae,Santiria,2.88,https://www.google.com/url?sa=t&rct=j&q=&esrc=s&source=web&cd=&ved=2ahUKEwiV5K7clv_6AhXrD1kFHfR_DbYQFnoECCQQAQ&url=https%3A%2F%2Fwww.biotaxa.org%2FPhytotaxa%2Farticle%2Fview%2Fphytotaxa.321.2.2%2F29517&usg=AOvVaw1CfotCUYv6bhFyVIDbpY_F,
123,Strombosia_grandifolia,Olacaceae,Strombosia,2.5,https://korupplants.myspecies.info/taxonomy/term/218,
124,Synsepalum_stipulatum,Sapotaceae,Synsepalum,,,
125,Allophylus_kiwuensis,Sapindaceae,Allophylus,0.875,https://www.nparks.gov.sg/florafaunaweb/flora/1/6/1631,
126,Canthium_oligocarpum,Rubiaceae,Canthium,2,http://apps.worldagroforestry.org/downloads/Publications/PDFS/B11913.pdf,
127,Carduus_schimperi,Compositae,Carduus,,,
128,Casuarina_equisetifolia,Casuarinaceae,Casuarina,2,http://www.iucngisd.org/gisd/species.php?sc=365,
129,Cynodon_dactylon,Poaceae,Cynodon,0.095,http://w3.biosci.utexas.edu/prc/K12/pages/Cynodon%20dactylon.html,
130,Cyphostemma_adenocaule,Vitaceae,Cyphostemma,6,Sinnott-Armstrong2019,
131,Deschampsia_cespitosa,Poaceae,Deschampsia,0.02,https://ucjeps.berkeley.edu/eflora/eflora_display.php?tid=50130,
132,Embelia_schimperi,Primulaceae,Embelia,5,Sinnott-Armstrong2019,
133,Galiniera_saxifraga,Rubiaceae,Galiniera,8.5,Sinnott-Armstrong2019,
134,Hordeum_vulgare,Poaceae,Hordeum,0.2,https://www.researchgate.net/figure/Plant-remains-discussed-in-the-text-a-Hordeum-vulgare-ssp-vulgare-articulated-set-of_fig5_265855794,
135,Ilex_mitis,Aquifoliaceae,Ilex,6.79125,Sinnott-Armstrong2019,
136,Jasminum_abyssinicum,Oleaceae,Jasminum,NA,,
137,Juniperus_procera,Cupressaceae,Juniperus,6,Sinnott-Armstrong2019,
138,Lagenaria_abyssinica,Cucurbitaceae,Lagenaria,23.655,https://www.tandfonline.com/doi/pdf/10.1080/02571862.2015.1090024,
139,Maesa_lanceolata,Primulaceae,Maesa,3.66209,Sinnott-Armstrong2019,
140,Poa_infirma,Poaceae,Poa,NA,,
141,Psychotria_orophila,Rubiaceae,Psychotria,6.5,Sinnott-Armstrong2019,
142,Rubus_apetalus,Rosaceae,Rubus,6.5,Sinnott-Armstrong2019,
143,Solanum_etuberosum,Solanaceae,Solanum,1.15,https://solanaceaesource.myspecies.info/content/solanum-etuberosum,
144,Urera_hypselodendron,Urticaceae,Urera,1.25,https://prota4u.org/database/protav8.asp?g=pe&p=Urera+hypselodendron+(Hochst.+ex+A.Rich.)+Wedd.,
145,Desbordesia_glaucescens,Irvingiaceae,Desbordesia,3,http://uses.plantnet-project.org/en/Dacryodes_buettneri_(PROTA),
146,Diogoa_zenkeri,Olacaceae,Diogoa,NA,,
147,Lecomtedoxa_Klaineana,Sapotaceae,Lecomtedoxa,5,https://prota4u.org/database/protav8.asp?g=pe&p=Lecomtedoxa+klaineana+(Pierre+ex+Engl.)+Dubard,
148,Oubanguia_alata,Lecythidaceae,Oubanguia,1.75,https://uses.plantnet-project.org/en/Oubanguia_africana_(PROTA)#Oubanguia_alata,
149,Strychnos_gnetifolia,Loganiaceae,Strychnos,5,http://www.worldfloraonline.org/taxon/wfo-4000036956,
150,Uapaca_staudtii,Phyllanthaceae,Uapaca,2.5,"Breteler, F. J. (2013). Uapaca (Phyllanthaceae) in the Guineo-Congolian forest region: A synoptic revision. Plant Ecology and Evolution, 146(1), 75–94. https://doi.org/10.5091/plecevo.2013.770",
151,Uvariopsis_bakeriana,Annonaceae,Uvariopsis,0.75,https://phytokeys.pensoft.net/article/61432/element/7/0/Uvariopsis%20bakeriana/,
152,Albizia_grandibracteata,Fabaceae,Albizia,15.5,https://uses.plantnet-project.org/en/Albizia_gummifera_(PROTA)#Albizia_grandibracteata,
153,Diospyros_abyssinica,Ebenaceae,Diospyros,10.95,Sinnott-Armstrong2019,
154,Eucalyptus_grandis,Myrtaceae,Eucalyptus,0.7,https://apps.lucidcentral.org/euclid/text/entities/eucalyptus_grandis.htm,
155,Markhamia_lutea,Bignoniaceae,Markhamia,70,"http://www.flowersofindia.net/catalog/slides/Markhamia.html#:~:text=They%20measure%205%2D6%20cm,length%2C%20with%20abundant%20winged%20seeds.",
156,Olea_capensis,Olacaceae,Olea,14.75,Sinnott-Armstrong2019,
157,Pittosporum_viridiflorum,Pittosporaceae,Pittosporum,0.75,"https://witkoppenwildflower.co.za/pittosporum-viridiflorum/#:~:text=Fruit%3A,capsules%2C%205%20%E2%80%93%2010%20mm.",
158,Polyscias_fulva,Araliaceae,Polyscias,4.689333333,Sinnott-Armstrong2019,
159,Premna_angolensis,Lamiaceae,Premna,4.5,Sinnott-Armstrong2019,
160,Prunus_africana,Rosaceae,Prunus,6.807692308,Sinnott-Armstrong2019,
161,Shirakiopsis_elliptica,Euphorbiaceae,Shirakiopsis,7,Sinnott-Armstrong2019,
162,Bussea_occidentalis,Fabaceae,Bussea,22.5,https://www.prota4u.org/database/protav8.asp?g=pe&p=Bussea+occidentalis+Hutch.+&+Dalziel,
163,Albizia_altissima,Fabaceae,Albizia,3.81,https://treesandshrubsonline.org/articles/ailanthus/ailanthus-altissima/,
164,Holarrhena_floribunda,Apocynaceae,Holarrhena,45,https://www.prota4u.org/database/protav8.asp?g=pe&p=Holarrhena+floribunda+(G.Don)+T.Durand+&+Schinz,
165,Manniophyton_fulvum,Euphorbiaceae,Manniophyton,3.05,https://www.prota4u.org/database/protav8.asp?g=pe&p=Manniophyton+fulvum+M%C3%BCll.Arg.,
166,Millettia_rhodantha,Fabaceae,Millettia,10,https://www.prota4u.org/database/protav8.asp?g=pe&p=Millettia+rhodantha+Baill.,
167,Newtonia_aubrevillei,Fabaceae,Newtonia,NA,,
168,Piptadeniastrum_africanum,Fabaceae,Piptadeniastrum,24.25,https://uses.plantnet-project.org/en/Piptadeniastrum_africanum_(PROTA),
169,Albizia_dinklagei,Fabaceae,Albizia,NA,,
170,Celtis_toka,Cannabaceae,Celtis,0.75,https://www.prota4u.org/database/protav8.asp?g=psk&p=Celtis%20zenkeri,
171,Allophylus_ferrugineus,Sapindaceae,Allophylus,0.65,https://plants.jstor.org/compilation/allophylus.ferrugineus,
172,Bridelia_brideliifolia,Phyllanthaceae,Bridelia,9.13125,Sinnott-Armstrong2019,
173,Carapa_grandiflora,Meliaceae,Carapa,13.5,http://apps.worldagroforestry.org/usefultrees/pdflib/Carapa_procera_UGA.pdf,
174,Cassine_peragua,Celastraceae,Cassine,25,Sinnott-Armstrong2019,
175,Cola_congolana,Malvaceae,Cola,7,https://plants.jstor.org/compilation/Cola.congolana,
176,Drypetes_gerrardii,Putranjivaceae,Drypetes,12.75,Sinnott-Armstrong2019,
177,Ficus_oreodryadum,Moraceae,Ficus,NA,,
178,Myrianthus_holstii,Urticaceae,Myrianthus,61.075,Sinnott-Armstrong2019,
179,Mystroxylon_aethiopicum,Celastraceae,Mystroxylon,14.0366,Sinnott-Armstrong2019,
180,Olea_welwitschii,Olacaceae,Olea,11,Sinnott-Armstrong2019,
181,Olinia_usambarensis,Penaeaceae,Olinia,NA,,
182,Piper_capense,Piperaceae,Piper,0.3,https://prota4u.org/database/protav8.asp?g=pe&p=Piper+capense+L.f.,
183,Podocarpus_milanjianus,Podocarpaceae,Podocarpus,9.947222222,Sinnott-Armstrong2019,
184,Psychotria_palustris,Rubiaceae,Psychotria,NA,,
185,Myrsine_melanophloeos,Primulaceae,Myrsine,7,Sinnott-Armstrong2019,
186,Rubus_steudneri,Rosaceae,Rubus,NA,,
187,Rytigynia_kigeziensis,Rubiaceae,Rytigynia,NA,,
188,Symphonia_globulifera,Clusiaceae,Symphonia,29.4225,Sinnott-Armstrong2019,
189,Syzygium_guineense,Myrtaceae,Syzygium,21.07777778,Sinnott-Armstrong2019,
190,Triumfetta_tomentosa,Malvaceae,Triumfetta,1.25,"https://www.zambiaflora.com/speciesdata/species.php?species_id=138760#:~:text=long%3B%20ovary%204%2Dlocular%2C,%3B%20fruit%201%2D1.5%20cm.",
191,Aframomum_citratum,Zingiberaceae,Aframomum,NA,,
192,Aframomum_longipetiolatum,Zingiberaceae,Aframomum,NA,,
193,Antidesma_vogelianum,Euphorbiaceae,Antidesma,8,Sinnott-Armstrong2019,
194,Allophylus_africanus,Sapindaceae,Allophylus,6.7455,Sinnott-Armstrong2019,
195,Angylocalyx_pynaertii,Fabaceae,Angylocalyx,NA,,
196,Aoranthe_cladantha,Rubiaceae,Aoranthe,NA,,
197,Anonidium_mannii,Annonaceae,Anonidium,37.5,"http://lafermedeleo.eu/fruit-trees-we-are-looking-for-anonidium-mannii.html#:~:text=The%20fruit%20is%20edible%20with,weigh%20up%20to%207%20pounds.",
198,Chrysophyllum_africanum,Sapotaceae,Chrysophyllum,7,https://www.prota4u.org/database/protav8.asp?g=pe&p=Chrysophyllum+africanum+A.DC,
199,Gambeya_subnuda,Sapotaceae,Gambeya,3,https://uses.plantnet-project.org/en/Chrysophyllum_subnudum_(PROTA),
200,Cola_lizae,Malvaceae,Cola,NA,,
201,Pachylobus_normandii,Burseraceae,Pachylobus,3.5,https://prota4u.org/database/protav8.asp?g=pe&p=Dacryodes+normandii+Aubr%C3%A9v.+&+Pellegr.,
202,Barteria_nigritana,Passifloraceae,Barteria,3,https://plants-jstor-org.proxy.lib.duke.edu/stable/10.5555/al.ap.specimen.br0000006610111?newaccount=true,photo estimation
203,Brachystegia_eurycoma,Fabaceae,Brachystegia,NA,,
204,Caloncoba_glauca,Achariaceae,Caloncoba,7,https://plants-jstor-org.proxy.lib.duke.edu/fsi/img/size2/alukaplant/br/phase_01/br0007/br0000006610777.jpg,photo estimation
205,Caloncoba_welwitschii,Achariaceae,Caloncoba,10,https://plants.jstor.org/compilation/caloncoba.welwitschii,
206,Celtis_adolfi-friderici,Cannabaceae,Celtis,1.75,https://uses.plantnet-project.org/en/Celtis_adolfi-fridericii_(PROTA),
207,Dialium_zenkeri,Fabaceae,Dialium,2,https://plants.jstor.org/stable/10.5555/al.ap.specimen.a00053852?searchUri=filter%3Dname%26so%3Dps_group_by_genus_species%2Basc%26Query%3DDialium%2Bzenkeri,photo estimation
208,Diospyros_dendo,Ebenaceae,Diospyros,NA,,
209,Diospyros_iturensis,Ebenaceae,Diospyros,2,https://plants.jstor.org/stable/10.5555/al.ap.specimen.iuk05852,photo estimation
210,Diospyros_polystemon,Ebenaceae,Diospyros,2,https://plants.jstor.org/stable/10.5555/al.ap.specimen.iuk05861,
211,Diospyros_suaveolens,Ebenaceae,Diospyros,NA,,
212,Donella_ubangiensis,Sapotaceae,Donella,NA,,
213,Chytranthus_atroviolaceus,Sapindaceae,Chytranthus,NA,,
214,Chytranthus_setosus,Sapindaceae,Chytranthus,NA,,
215,Chytranthus_talbotii,Sapindaceae,Chytranthus,NA,,
216,Cola_gabonensis,Malvaceae,Cola,4,https://plants.jstor.org/stable/10.5555/al.ap.specimen.k000241054,photo estimation
217,Ficus_mucuso,Moraceae,Ficus,42.0625,Sinnott-Armstrong2019,
218,Ficus_polita,Moraceae,Ficus,31.565,Sinnott-Armstrong2019,
219,Cola_nitida,Malvaceae,Cola,3.189,"Morpho-agronomic variability of three kola trees accessions [Cola nitida (Vent.) Schott et Endl., Cola acuminata (P. Beauv.) Schott et Endl., and Garcinia kola Heckel] from Southern Benin",
220,Cola_rostrata,Malvaceae,Cola,NA,,
221,Cryptosepalum_staudtii,Fabaceae,Cryptosepalum,7,https://uses.plantnet-project.org/en/Cryptosepalum_staudtii_(PROTA)#Cryptosepalum_tetraphyllum,
222,Pachylobus_klaineanus,Burseraceae,Pachylobus,NA,,
223,Ficus_recurvata,Moraceae,Ficus,3,https://powo.science.kew.org/taxon/urn:lsid:ipni.org:names:584007-1,
224,Desplatsia_dewevrei,Malvaceae,Desplatsia,17.5,https://treatment.plazi.org/GgServer/html/BF451D613047FF9C77FAB4E5920B4560,
225,Desplatsia_subericarpa,Malvaceae,Desplatsia,8,https://prota4u.org/database/protav8.asp?g=pe&p=Desplatsia+subericarpa+Bocq.,
226,Heisteria_parvifolia,Olacaceae,Heisteria,1.1,https://www.prota4u.org/database/protav8.asp?g=pe&p=Heisteria+parvifolia+Sm.,
227,Dialium_pachyphyllum,Fabaceae,Dialium,2.5,https://www.prota4u.org/database/protav8.asp?g=pe&p=Dialium+pachyphyllum+Harms,
228,Irvingia_grandifolia,Irvingiaceae,Irvingia,5.25,https://korupplants.myspecies.info/taxonomy/term/202,
229,Dialium_tessmannii,Fabaceae,Dialium,NA,,
230,Dichapetalum_unguiculatum,Dichapetalaceae,Dichapetalum,NA,,
231,Dioscoreophyllum_cumminsii,Menispermaceae,Dioscoreophyllum,35,Sinnott-Armstrong2019,
232,Lecaniodiscus_cupanioides,Sapindaceae,Lecaniodiscus,18.425,Sinnott-Armstrong2019,
233,Diospyros_crassiflora,Ebenaceae,Diospyros,10,https://www.prota4u.org/database/protav8.asp?g=pe&p=Diospyros+crassiflora+Hiern,
234,Mangifera_indica,Anacardiaceae,Mangifera,122.14,Sinnott-Armstrong2019,
235,Megaphrynium_gabonense,Maranthaceae,Megaphrynium,NA,,
236,Megaphrynium_macrostachyum,Marantaceae,Megaphrynium,2.25,https://prota4u.org/database/protav8.asp?g=pe&p=Megaphrynium+macrostachyum+(Benth.)+Milne-Redh.,
237,Diospyros_piscatoria,Ebenaceae,Diospyros,2,https://plants.jstor.org/stable/10.5555/al.ap.specimen.e00217131,photo estimation
238,Monanthotaxis_congoensis,Annonaceae,Monanthotaxis,NA,,
239,Monodora_angolensis,Annonaceae,Monodora,70,Sinnott-Armstrong2019,
240,Myrianthus_arboreus,Urticaceae,Myrianthus,68.575,Sinnott-Armstrong2019,
241,Nauclea_vanderguchtii,Rubiaceae,Nauclea,4,https://powo.science.kew.org/taxon/757283-1,photo estimation
242,Parkia_bicolor,Fabaceae,Parkia,35,https://prota4u.org/database/protav8.asp?g=pe&p=Parkia+bicolor+A.Chev.,
243,Parkia_filicoidea,Fabaceae,Parkia,35,https://www.prota4u.org/database/protav8.asp?g=pe&p=Parkia+filicoidea,
244,Drypetes_cinnabarina,Putranjivaceae,Drypetes,3,https://plants.jstor.org/stable/10.5555/al.ap.specimen.br0000008894540?searchUri=filter%3Dname%26so%3Dps_group_by_genus_species%2Basc%26Query%3DDrypetes%2Bcinnabarina,photo estimation
245,Drypetes_diopa,Putranjivaceae,Drypetes,NA,,
246,Drypetes_gilgiana,Putranjivaceae,Drypetes,17,Sinnott-Armstrong2019,
247,Drypetes_gossweileri,Putranjivaceae,Drypetes,9,https://www.prota4u.org/database/protav8.asp?g=pe&p=Drypetes+gossweileri+S.Moore,
248,Drypetes_pellegrinii,Putranjivaceae,Drypetes,NA,,
249,Duboscia_viridiflora,Malvaceae,Duboscia,4,https://plants.jstor.org/stable/10.5555/al.ap.visual.kfwt00000062,photo estimation
250,Erythrophleum_lasianthum,Fabaceae,Erythrophleum,13,http://pza.sanbi.org/erythrophleum-lasianthum,
251,Fernandoa_adolfi-friderici,Bignoniaceae,Fernandoa,NA,,
252,Pseudospondias_microcarpa,Anacardiaceae,Pseudospondias,19.525,Sinnott-Armstrong2019,
253,Psychotria_vogeliana,Rubiaceae,Psychotria,8.5,Sinnott-Armstrong2019,
254,Rutidea_dupuisii,Rubiaceae,Rutidea,NA,,
255,Scytopetalum_klaineanum,Lecythidaceae,Scytopetalum,2,https://plants.jstor.org/stable/10.5555/al.ap.specimen.mpu020435,photo estimation
256,Treculia_africana,Moraceae,Treculia,48.4375,Sinnott-Armstrong2019,
257,Trichoscypha_acuminata,Anacardiaceae,Trichoscypha,3.5,https://plants.jstor.org/stable/10.5555/al.ap.specimen.ya0022813,
258,Ganophyllum_giganteum,Sapindaceae,Ganophyllum,2,https://prota4u.org/database/protav8.asp?g=pe&p=Ganophyllum+giganteum+(A.Chev.)+Hauman,
259,Garcinia_kola,Clusiaceae,Garcinia,3.189,"Dah-Nouvlessounon, D., Adoukonou-Sagbadja, H., Nafan, D., Adjanohoun, A., Noumavo, A. P., SINA, H., Daouda, B., & Baba-Moussa, L. (2016). Morpho-agronomic variability of three kola trees accessions [Cola nitida (Vent.) Schott et Endl., Cola acuminata (P. Beauv.) Schott et Endl., and Garcinia kola Heckel] from Southern Benin. Genetic Resources and Crop Evolution, 63. https://doi.org/10.1007/s10722-015-0362-z",
260,Gilbertiodendron_dewevrei,Fabaceae,Gilbertiodendron,22.5,https://www.prota4u.org/database/protav8.asp?g=pe&p=Gilbertiodendron+dewevrei+(De+Wild.)+J.L%E9onard,
261,Microcos_coriacea,Malvaceae,Microcos,2.89,"Bustamante, K., Santos-Ordóñez, E., Miranda, M., Pacheco, R., Gutiérrez, Y., & Scull, R. (2019). Morphological and molecular barcode analysis of the medicinal tree Mimusops coriacea (A.DC.) Miq. Collected in Ecuador. PeerJ, 7, e7789. https://doi.org/10.7717/peerj.7789",
262,Microcos_oligoneura,Malvaceae,Microcos,4.5,https://plants.jstor.org/stable/10.5555/al.ap.specimen.br0000006714819,photo estimation
263,Microcos_pinnatifida,Malvaceae,Microcos,3.5,https://plants.jstor.org/stable/10.5555/al.ap.specimen.k000241795,
264,Microcos_seretii,Malvaceae,Microcos,2.5,https://plants.jstor.org/stable/10.5555/al.ap.specimen.epu300021938?searchUri=filter%3Dname%26so%3Dps_group_by_genus_species%2Basc%26Query%3D%2528Grewia%2Bseretii%2529,photo estimation
265,Haumania_danckelmaniana,Marantaceae,Haumania,,,
266,Haumania_liebrechtsiana,Marantaceae,Haumania,NA,,
267,Uapaca_sansibarica,Phyllanthaceae,Uapaca,17.60333333,Sinnott-Armstrong2019,
268,Hylodendron_gabunense,Fabaceae,Hylodendron,9,https://www.google.com/url?sa=t&rct=j&q=&esrc=s&source=web&cd=&cad=rja&uact=8&ved=2ahUKEwiRhe_B65_7AhW_GFkFHZnuCJoQFnoECBEQAQ&url=https%3A%2F%2Fwww.prota4u.org%2Fdatabase%2Fprotav8.asp%3Fg%3Dpe%26p%3DHylodendron%2Bgabunense%2BTaub.&usg=AOvVaw0oeP6j4FAWTUPpcbTRhi6F,
269,Hypselodelphys_violacea,Marantaceae,Hypselodelphys,5,https://www.google.com/url?sa=t&rct=j&q=&esrc=s&source=web&cd=&ved=2ahUKEwiYus7065_7AhWoMlkFHdJnDZQQFnoECA4QAQ&url=https%3A%2F%2Fwww.prota4u.org%2Fdatabase%2Fprotav8.asp%3Fg%3Dpe%26p%3DHypselodelphys%2Bviolacea%2B(Ridl.)%2BMilne-Redh.&usg=AOvVaw3q0MwWIi673_fMDEODyBTj,
270,Irvingia_excelsa,Irvingiaceae,Irvingia,NA,,
271,Isolona_hexaloba,Annonaceae,Isolona,5,Isolona_hexaloba,
272,Landolphia_villosa,Apocynaceae,Landolphia,NA,,
273,Leea_guineensis,Vitaceae,Leea,7.266666667,Sinnott-Armstrong2019,
274,Manilkara_letouzeyi,Sapotaceae,Manilkara,NA,,
275,Maranthes_glabra,Chrysobalanaceae,Maranthes,NA,,
276,Marantochloa_filipes,Marantaceae,Marantochloa,NA,,
277,Microdesmis_keayana,Pandaceae,Microdesmis,NA,,
278,Milicia_excelsa,Moraceae,Milicia,2.75,Sinnott-Armstrong2019,
279,Monodora_myristica,Annonaceae,Monodora,165.1,Sinnott-Armstrong2019,
280,Palisota_ambigua,Commelinaceae,Palisota,NA,,
281,Palisota_hirsuta,Commelinaceae,Palisota,NA,,
282,Palisota_thollonii,Commelinaceae,Palisota,NA,,
283,Pancovia_laurentii,Sapindaceae,Pancovia,NA,,
284,Pleiocarpa_mutica,Apocynaceae,Pleiocarpa,NA,,
285,Psychotria_arnoldiana,Rubiaceae,Psychotria,NA,,
286,Pterocarpus_soyauxii,Fabaceae,Pterocarpus,NA,,
287,Saba_comorensis,Apocynaceae,Saba,NA,,
288,Nauclea_pobeguinii,Rubiaceae,Nauclea,NA,,
289,Sarcophrynium_brachystachyum,Marantaceae,Sarcophrynium,NA,,
290,Sarcophrynium_prionogonium,Marantaceae,Sarcophrynium,NA,,
291,Sorindeia_grandifolia,Anacardiaceae,Sorindeia,NA,,
292,Tabernaemontana_crassa,Apocynaceae,Tabernaemontana,NA,,
293,Tabernaemontana_penduliflora,Apocynaceae,Tabernaemontana,NA,,
294,Tieghemella_africana,Sapotaceae,Tieghemella,NA,,
295,Tessmannia_anomala,Fabaceae,Tessmannia,NA,,
296,Tiliacora_bequaertii,Menispermaceae,Tiliacora,NA,,
297,Trichilia_monadelpha,Meliaceae,Trichilia,NA,,
298,Trichoscypha_oddonii,Anacardiaceae,Trichoscypha,NA,,
299,Triclisia_dictyophylla,Menispermaceae,Triclisia,NA,,
300,Triclisia_patens,Menispermaceae,Triclisia,NA,,
301,Uapaca_pynaertii,Phyllanthaceae,Uapaca,3.5,"Breteler, F. J. (2013). Uapaca (Phyllanthaceae) in the Guineo-Congolian forest region: A synoptic revision. Plant Ecology and Evolution, 146(1), 75–94. https://doi.org/10.5091/plecevo.2013.770",
302,Zanha_golungensis,Sapindaceae,Zanha,19.50625,Sinnott-Armstrong2019,
303,Uvariastrum_pierreanum,Annonaceae,Uvariastrum,NA,,
304,Gambeya_gorungosana,Sapotaceae,Gambeya,NA,,
305,Solanum_terminale,Solanaceae,Solanum,7.5,Sinnott-Armstrong2019,
306,Balanites_wilsoniana,Zygophyllaceae,Balanites,76.3,Sinnott-Armstrong2019,
307,Blighia_unijugata,Sapindaceae,Blighia,39.09090909,Sinnott-Armstrong2019,
308,Chaetachme_aristata,Ulmaceae,Chaetachme,21.25,Sinnott-Armstrong2019,
309,Fagaropsis_angolensis,Rutaceae,Fagaropsis,6.583333333,Sinnott-Armstrong2019,
310,Ficus_saussureana,Moraceae,Ficus,30,Sinnott-Armstrong2019,
311,Harrisonia_abyssinica,Rutaceae,Harrisonia,10,Sinnott-Armstrong2019,
312,Mimusops_bagshawei,Sapotaceae,Mimusops,25.2,Sinnott-Armstrong2019,
313,Neoboutonia_melleri,Euphorbiaceae,Neoboutonia,6.5,Sinnott-Armstrong2019,
314,Aningeria_altissima,Sapotaceae,Aningeria,19.525,Sinnott-Armstrong2019,
315,Dialium_guineense,Fabaceae,Dialium,NA,,
316,Dichapetalum_heudelotii,Dichapetalaceae,Dichapetalum,NA,,
317,Dichapetalum_mombuttense,Dichapetalaceae,Dichapetalum,NA,,
318,Trichilia_welwitschii,Meliaceae,Trichilia,NA,,
319,Turraeanthus_africanus,Meliaceae,Turraeanthus,NA,,
320,Adansonia_digitata,Malvaceae,Adansonia,350,Sinnott-Armstrong2019,
321,Aframomum_cereum,Zingiberaceae,Aframomum,NA,,
322,Aframomum_exscapum,Zingiberaceae,Aframomum,NA,,
323,Afzelia_bipindensis,Fabaceae,Afzelia,NA,,
324,Annona_squamosa,Annonaceae,Annona,77.5,Sinnott-Armstrong2019,
325,Anthocleista_schweinfurthii,Gentianaceae,Anthocleista,31.75,Sinnott-Armstrong2019,
326,Artocarpus_altilis,Moraceae,Artocarpus,200,Sinnott-Armstrong2019,
327,Baillonella_toxisperma,Sapotaceae,Baillonella,NA,,
328,Barteria_solida,Passifloraceae,Barteria,NA,,
329,Piliostigma_thonningii,Fabaceae,Piliostigma,NA,,
330,Bobgunnia_fistuloides,Fabaceae,Bobgunnia,NA,,
331,Borassus_aethiopum,Arecaceae,Borassus,152.4,Sinnott-Armstrong2019,
332,Capparis_tomentosa,Capparaceae,Capparis,32.15,Sinnott-Armstrong2019,
333,Capsicum_frutescens,Solanaceae,Capsicum,14.32142857,Sinnott-Armstrong2019,
334,Carapa_procera,Meliaceae,Carapa,NA,,
335,Carica_papaya,Caricaceae,Carica,212.5,Sinnott-Armstrong2019,
336,Casearia_barteri,Salicaceae,Casearia,40,Sinnott-Armstrong2019,
337,Cassia_sieberiana,Fabaceae,Cassia,NA,,
338,Ceiba_pentandra,Malvaceae,Ceiba,90,Sinnott-Armstrong2019,
339,Chrysobalanus_icaco,Chrysobalanaceae,Chrysobalanus,29,Sinnott-Armstrong2019,
340,Citrus_aurantium,Rutaceae,Citrus,50,Sinnott-Armstrong2019,
341,Cogniauxia_podolaena,Cucurbitaceae,Cogniauxia,NA,,
342,Cola_gigantea,Malvaceae,Cola,NA,,
343,Costus_afer,Costaceae,Costus,NA,,
344,Desplatsia_chrysochlamys,Malvaceae,Desplatsia,NA,,
345,Detarium_senegalense,Fabaceae,Detarium,51,Sinnott-Armstrong2019,
346,Diospyros_mannii,Ebenaceae,Diospyros,NA,,
347,Dovyalis_abyssinica,Salicaceae,Dovyalis,16.35,Sinnott-Armstrong2019,
348,Dovyalis_zenkeri,Salicaceae,Dovyalis,NA,,
349,Eugenia_fernandopoana,Myrtaceae,Eugenia,NA,,
350,Eugenia_staudtii,Myrtaceae,Eugenia,NA,,
351,Irvingia_robur,Irvingiaceae,Irvingia,NA,,
352,Kigelia_africana,Bignoniaceae,Kigelia,600,Sinnott-Armstrong2019,
353,Klainedoxa_trillesii,Irvingiaceae,Klainedoxa,NA,,
354,Lagenaria_breviflora,Cucurbitaceae,Lagenaria,87.5,Sinnott-Armstrong2019,
355,Landolphia_hirsuta,Apocynaceae,Landolphia,NA,,
356,Landolphia_mannii,Apocynaceae,Landolphia,NA,,
357,Landolphia_parvifolia,Apocynaceae,Landolphia,NA,,
358,Manilkara_obovata,Sapotaceae,Manilkara,29.03333333,Sinnott-Armstrong2019,
359,Massularia_acuminata,Rubiaceae,Massularia,NA,,
360,Millettia_dura,Fabaceae,Millettia,NA,,
361,Neonauclea_excelsa,Rubiaceae,Neonauclea,NA,,
362,Nesogordonia_papaverifera,Malvaceae,Nesogordonia,NA,,
363,Omphalocarpum_elatum,Sapotaceae,Omphalocarpum,NA,,
364,Omphalocarpum_procerum,Sapotaceae,Omphalocarpum,NA,,
365,Oncoba_spinosa,Salicaceae,Oncoba,57.575,Sinnott-Armstrong2019,
366,Panda_oleosa,Pandaceae,Panda,NA,,
367,Persea_americana,Lauraceae,Persea,97,Sinnott-Armstrong2019,
368,Phoenix_reclinata,Arecaceae,Phoenix,13.675,Sinnott-Armstrong2019,
369,Picralima_nitida,Apocynaceae,Picralima,127,Sinnott-Armstrong2019,
370,Poga_oleosa,Anisophylleaceae,Poga,NA,,
371,Prosopis_africana,Fabaceae,Prosopis,NA,,
372,Psidium_guineense,Myrtaceae,Psidium,17.5,Sinnott-Armstrong2019,
373,Psydrax_subcordata,Rubiaceae,Psydrax,7,Sinnott-Armstrong2019,
374,Raphia_hookeri,Arecaceae,Raphia,NA,,
375,Rothmannia_macrocarpa,Rubiaceae,Rothmannia,NA,,
376,Rothmannia_urcelliformis,Rubiaceae,Rothmannia,50.5,Sinnott-Armstrong2019,
377,Scytopetalum_pierreanum,Lecythidaceae,Scytopetalum,NA,,
378,Solanum_erianthum,Solanaceae,Solanum,10.375,Sinnott-Armstrong2019,
379,Sorghum_arundinaceum,Poaceae,Sorghum,NA,,
380,Sterculia_rhinopetala,Malvaceae,Sterculia,NA,,
381,Strychnos_aculeata,Loganiaceae,Strychnos,NA,,
382,Strychnos_innocua,Loganiaceae,Strychnos,57.5,Sinnott-Armstrong2019,
383,Tamarindus_indica,Fabaceae,Tamarindus,96.9,Sinnott-Armstrong2019,
384,Telfairia_occidentalis,Cucurbitaceae,Telfairia,NA,,
385,Theobroma_cacao,Malvaceae,Theobroma,135,Sinnott-Armstrong2019,
386,Tieghemella_heckelii,Sapotaceae,Tieghemella,NA,,
387,Trema_orientale,Cannabaceae,Trema,NA,,
388,Trichoscypha_arborea,Anacardiaceae,Trichoscypha,NA,,
389,Triplochiton_scleroxylon,Malvaceae,Triplochiton,NA,,
390,Triumfetta_cordifolia,Malvaceae,Triumfetta,NA,,
391,Uapaca_heudelotii,Phyllanthaceae,Uapaca,2.6,"Breteler, F. J. (2013). Uapaca (Phyllanthaceae) in the Guineo-Congolian forest region: A synoptic revision. Plant Ecology and Evolution, 146(1), 75–94. https://doi.org/10.5091/plecevo.2013.770",
392,Uapaca_togoensis,Phyllanthaceae,Uapaca,16.4,Sinnott-Armstrong2019,
393,Vitellaria_paradoxa,Sapotaceae,Vitellaria,NA,,
394,Vitex_ciliata,Lamiaceae,Vitex,NA,,
395,Autranella_congolensis,Sapotaceae,Autranella,NA,,
396,Diospyros_crassiflora ,Ebenaceae,Diospyros,NA,,
397,Pachylobus_buettneri,Burseraceae,Pachylobus,NA,,
398,Scyphocephalium_mannii,Myristicaceae,Scyphocephalium,NA,,
399,Acacia_monticola,Fabaceae,Acacia,NA,,
400,Aframomum_angustifolium,Zingiberaceae,Aframomum,NA,,
401,Aframomum_corrorima,Zingiberaceae,Aframomum,NA,,
402,Aframomum_giganteum,Zingiberaceae,Aframomum,NA,,
403,Aframomum_mala,Zingiberaceae,Aframomum,NA,,
404,Aframomum_verrucosum,Zingiberaceae,Aframomum,NA,,
405,Aframomum_zambesiacum,Zingiberaceae,Aframomum,NA,,
406,Afrocanthium_lactescens,Rubiaceae,Afrocanthium,9.5,Sinnott-Armstrong2019,
407,Agelanthus_brunneus,Loranthaceae,Agelanthus,NA,,
408,Agelanthus_myrsinifolius,Loranthaceae,Agelanthus,NA,,
409,Alafia_erythrophthalma,Apocynaceae,Alafia,NA,,
410,Albizia_ferruginea,Fabaceae,Albizia,NA,,
411,Albizia_gummifera,Fabaceae,Albizia,NA,,
412,Allophylus_abyssinicus,Sapindaceae,Allophylus,7,Sinnott-Armstrong2019,
413,Ampelocissus_abyssinica,Vitaceae,Ampelocissus,NA,,
414,Aneilema_nyasense,Commelinaceae,Aneilema,NA,,
415,Annona_senegalensis,Annonaceae,Annona,39.06666667,Sinnott-Armstrong2019,
416,Artocarpus_heterophyllus,Moraceae,Artocarpus,564.2857143,Sinnott-Armstrong2019,
417,Balthasaria_schliebenii,Theaceae,Balthasaria,25,Sinnott-Armstrong2019,
418,Beilschmiedia_mannii,Lauraceae,Beilschmiedia,NA,,
419,Beilschmiedia_ugandensis,Lauraceae,Beilschmiedia,22.5,Sinnott-Armstrong2019,
420,Broussonetia_papyrifera,Moraceae,Broussonetia,NA,,
421,Caloncoba_crepiniana,Achariaceae,Caloncoba,NA,,
422,Canavalia_africana,Fabaceae,Canavalia,NA,,
423,Cansjera_rheedei,Opiliaceae,Cansjera,NA,,
424,Capparis_erythrocarpos,Capparaceae,Capparis,NA,,
425,Carpolobia_goetzei,Polygalaceae,Carpolobia,NA,,
426,Casearia_runssorica,Salicaceae,Casearia,NA,,
427,Elaeodendron_buchananii,Celastraceae,Elaeodendron,13.835,Sinnott-Armstrong2019,
428,Cassipourea_gummiflua,Rhizophoraceae,Cassipourea,NA,,
429,Cassipourea_ruwensorensis,Rhizophoraceae,Cassipourea,NA,,
430,Celtis_gomphophylla,Cannabaceae,Celtis,5,Sinnott-Armstrong2019,
431,Chassalia_subochreata,Rubiaceae,Chassalia,6,Sinnott-Armstrong2019,
432,Noronhia_africana,Oleaceae,Noronhia,NA,,
433,Englerophytum_rwandense,Sapotaceae,Englerophytum,NA,,
434,Cissus_quadrangularis,Vitaceae,Cissus,8,Sinnott-Armstrong2019,
435,Citrus_limon,Rutaceae,Citrus,75,Sinnott-Armstrong2019,
436,Citrus_sinensis,Rutaceae,Citrus,80,Sinnott-Armstrong2019,
437,Cleistanthus_polystachyus,Phyllanthaceae,Cleistanthus,10.5,Sinnott-Armstrong2019,
438,Coccinia_barteri,Cucurbitaceae,Coccinia,30,Sinnott-Armstrong2019,
439,Coccinia_mildbraedii,Cucurbitaceae,Coccinia,147.5,Sinnott-Armstrong2019,
440,Coffea_eugenioides,Rubiaceae,Coffea,NA,,
441,Cordia_africana,Boraginaceae,Cordia,11.9375,Sinnott-Armstrong2019,
442,Craterispermum_laurinum,Rubiaceae,Craterispermum,6.35,Sinnott-Armstrong2019,
443,Croton_megalocarpus,Euphorbiaceae,Croton,37.5,Sinnott-Armstrong2019,
444,Croton_reflexifolius,Euphorbiaceae,Croton,NA,,
445,Dasylepis_eggelingii,Flacourtiaceae,Dasylepis,12.7,Sinnott-Armstrong2019,
446,Deinbollia_fulvotomentella,Sapindaceae,Deinbollia,16.5,Sinnott-Armstrong2019,
447,Deinbollia_pinnata,Sapindaceae,Deinbollia,NA,,
448,Dialium_lopense,Fabaceae,Dialium,NA,,
449,Diospyros_hoyleana,Ebenaceae,Diospyros,NA,,
450,Diospyros_monbuttensis,Ebenaceae,Diospyros,NA,,
451,Dombeya_torrida,Malvaceae,Dombeya,NA,,
452,Dovyalis_macrocalyx,Salicaceae,Dovyalis,NA,,
453,Dracaena_laxissima,Asparagaceae,Dracaena,NA,,
454,Drypetes_bipindensis,Putranjivaceae,Drypetes,NA,,
455,Ekebergia_capensis,Meliaceae,Ekebergia,15.11904762,Sinnott-Armstrong2019,
456,Englerina_woodfordioides,Loranthaceae,Englerina,NA,,
457,Ensete_ventricosum,Musaceae,Ensete,115,Sinnott-Armstrong2019,
458,Crateva_eminens,Capparaceae,Crateva,NA,,
459,Ficus_demeusei,Moraceae,Ficus,NA,,
460,Ficus_asperifolia,Moraceae,Ficus,22.5,Sinnott-Armstrong2019,
461,Ficus_barteri,Moraceae,Ficus,12.5,Sinnott-Armstrong2019,
462,Ficus_brachypoda,Moraceae,Ficus,22.225,Sinnott-Armstrong2019,
463,Ficus_conraui,Moraceae,Ficus,NA,,
464,Ficus_craterostoma,Moraceae,Ficus,9.642857143,Sinnott-Armstrong2019,
465,Ficus_cyathistipula,Moraceae,Ficus,40,Sinnott-Armstrong2019,
466,Ficus_ottoniifolia,Moraceae,Ficus,25,Sinnott-Armstrong2019,
467,Ficus_pseudomangifera,Moraceae,Ficus,0.8382,Sinnott-Armstrong2019,
468,Ficus_pubigera,Moraceae,Ficus,NA,,
469,Ficus_tremula,Moraceae,Ficus,21.5,Sinnott-Armstrong2019,
470,Ficus_trichopoda,Moraceae,Ficus,15,Sinnott-Armstrong2019,
471,Ficus_vallis-choudae,Moraceae,Ficus,25.87272727,Sinnott-Armstrong2019,
472,Ficus_variifolia,Moraceae,Ficus,20,Sinnott-Armstrong2019,
473,Flacourtia_indica,Salicaceae,Flacourtia,24.74130435,Sinnott-Armstrong2019,
474,Flueggea_virosa,Phyllanthaceae,Flueggea,5.283333333,Sinnott-Armstrong2019,
475,Garcinia_huillensis,Clusiaceae,Garcinia,22.5,Sinnott-Armstrong2019,
476,Grewia_flavescens,Malvaceae,Grewia,11.13478261,Sinnott-Armstrong2019,
477,Microcos_mildbraedii,Malvaceae,Microcos,NA,,
478,Grewia_mollis,Malvaceae,Grewia,9.4,Sinnott-Armstrong2019,
479,Grewia_pubescens,Malvaceae,Grewia,NA,,
480,Grewia_rothii,Malvaceae,Grewia,NA,,
481,Guibourtia_tessmannii,Fabaceae,Guibourtia,NA,,
482,Haplocoelum_foliolosum,Sapindaceae,Haplocoelum,15.6082,Sinnott-Armstrong2019,
483,Hoslundia_opposita,Lamiaceae,Hoslundia,6.4,Sinnott-Armstrong2019,
484,Illigera_pentaphylla,Hernandiaceae,Illigera,NA,,
485,Impatiens_burtonii,Balsaminaceae,Impatiens,NA,,
486,Impatiens_irvingii,Balsaminaceae,Impatiens,NA,,
487,Impatiens_niamniamensis,Balsaminaceae,Impatiens,NA,,
488,Isolona_deightonii,Annonaceae,Isolona,NA,,
489,Ixora_burundiensis,Rubiaceae,Ixora,10,Sinnott-Armstrong2019,
490,Julbernardia_brieyi,Fabaceae,Julbernardia,NA,,
491,Keayodendron_bridelioides ,Phyllanthaceae,Keayodendron,NA,,
492,Keetia_venosa,Rubiaceae,Keetia,9.5,Sinnott-Armstrong2019,
493,Landolphia_landolphioides,Apocynaceae,Landolphia,NA,,
494,Landolphia_owariensis,Apocynaceae,Landolphia,NA,,
495,Lannea_fulva,Anacardiaceae,Lannea,NA,,
496,Lantana_camara,Verbenaceae,Lantana,4.452380952,Sinnott-Armstrong2019,
497,Lantana_trifolia,Verbenaceae,Lantana,2.75,Sinnott-Armstrong2019,
498,Lecaniodiscus_fraxinifolius,Sapindaceae,Lecaniodiscus,NA,,
499,Lepisanthes_senegalensis,Sapindaceae,Lepisanthes,20,Sinnott-Armstrong2019,
500,Loeseneriella_apocynoides,Hippocrateaceae,Loeseneriella,NA,,
501,Macaranga_kilimandscharica,Euphorbiaceae,Macaranga,NA,,
502,Macaranga_schweinfurthii,Euphorbiaceae,Macaranga,17,Sinnott-Armstrong2019,
503,Marantochloa_leucantha,Marantaceae,Marantochloa,NA,,
504,Mimulopsis_arborescens,Acanthaceae,Mimulopsis,NA,,
505,Mimusops_kummel,Sapotaceae,Mimusops,21.9875,Sinnott-Armstrong2019,
506,Monanthotaxis_ferruginea,Annonaceae,Monanthotaxis,NA,,
507,Monanthotaxis_orophila,Annonaceae,Monanthotaxis,NA,,
508,Myrianthus_preussii,Urticaceae,Myrianthus,50,Sinnott-Armstrong2019,
509,Neoboutonia_macrocalyx,Euphorbiaceae,Neoboutonia,11,Sinnott-Armstrong2019,
510,Newtonia_buchananii,Fabaceae,Newtonia,NA,,
511,Olax_subscorpioidea,Olacaceae,Olax,NA,,
512,Olinia_rochetiana,Penaeaceae,Olinia,7.5,Sinnott-Armstrong2019,
513,Oxyanthus_tubiflorus,Rubiaceae,Oxyanthus,NA,,
514,Pancovia_turbinata,Sapindaceae,Pancovia,10,Sinnott-Armstrong2019,
515,Parinari_curatellifolia,Chrysobalanaceae,Parinari,39.73809524,Sinnott-Armstrong2019,
516,Passiflora_subpeltata,Passifloraceae,Passiflora,40,Sinnott-Armstrong2019,
517,Cenchrus_purpureus,Poaceae,Cenchrus,NA,,
518,Peponium_vogelii,Cucurbitaceae,Peponium,90,Sinnott-Armstrong2019,
519,Phytolacca_dodecandra,Phytolaccaceae,Phytolacca,7.525,Sinnott-Armstrong2019,
520,Piper_umbellatum,Piperaceae,Piper,85,Sinnott-Armstrong2019,
521,Psychotria_mahonii,Rubiaceae,Psychotria,5.5,Sinnott-Armstrong2019,
522,Psychotria_peduncularis,Rubiaceae,Psychotria,NA,,
523,Psychotria_succulenta,Rubiaceae,Psychotria,6.5,Sinnott-Armstrong2019,
524,Psydrax_parviflora ,Rubiaceae,Psydrax,NA,,
525,Pterygota_mildbraedii,Malvaceae,Pterygota,NA,,
526,Pyrenacantha_sylvestris,Icacinaceae,Pyrenacantha,NA,,
527,Renealmia_congolana,Zingiberaceae,Renealmia,NA,,
528,Ritchiea_albersii,Capparaceae,Ritchiea,50,Sinnott-Armstrong2019,
529,Rothmannia_whitfieldii,Rubiaceae,Rothmannia,NA,,
530,Rubus_niveus,Rosaceae,Rubus,5.833333333,Sinnott-Armstrong2019,
531,Salacia_debilis,Celastraceae,Salacia,NA,,
532,Salacia_erecta,Celastraceae,Salacia,NA,,
533,Salacia_leptoclada,Celastraceae,Salacia,20,Sinnott-Armstrong2019,
534,Astropanax_goetzenii,Araliaceae,Astropanax,NA,,
535,Scottellia_klaineana,Achariaceae,Scottellia,NA,,
536,Smilax_anceps,Smilacaceae,Smilax,NA,,
537,Solanum_betaceum,Solanaceae,Solanum,51.66666667,Sinnott-Armstrong2019,
538,Sterculia_dawei,Malvaceae,Sterculia,NA,,
539,Strychnos_lucens,Loganiaceae,Strychnos,41.59090909,Sinnott-Armstrong2019,
540,Strychnos_mitis,Loganiaceae,Strychnos,15.63125,Sinnott-Armstrong2019,
541,Synsepalum_brevipes,Sapotaceae,Synsepalum,25,Sinnott-Armstrong2019,
542,Synsepalum_cerasiferum,Sapotaceae,Synsepalum,25,Sinnott-Armstrong2019,
543,Syzygium_parvifolium,Myrtaceae,Syzygium,NA,,
544,Syzygium_rowlandii,Myrtaceae,Syzygium,NA,,
545,Tabernaemontana_odoratissima,Apocynaceae,Tabernaemontana,50,Sinnott-Armstrong2019,
546,Tabernaemontana_pachysiphon,Apocynaceae,Tabernaemontana,110,Sinnott-Armstrong2019,
547,Tabernaemontana_stapfiana,Apocynaceae,Tabernaemontana,50,Sinnott-Armstrong2019,
548,Tapinanthus_constrictiflorus,Loranthaceae,Tapinanthus,NA,,
549,Hyalosepalum_caffrum,Menispermaceae,Hyalosepalum,NA,,
550,Toddalia_asiatica,Rutaceae,Toddalia,7.727272727,Sinnott-Armstrong2019,
551,Trichilia_dregeana,Meliaceae,Trichilia,NA,,
552,Tridesmostemon_omphalocarpoides,Sapotaceae,Tridesmostemon,NA,,
553,Tristemma_mauritianum,Melastomataceae,Tristemma,14,Sinnott-Armstrong2019,
554,Urera_trinervis,Urticaceae,Urera,NA,,
555,Uvaria_angolensis,Annonaceae,Uvaria,NA,,
556,Uvaria_welwitschii,Annonaceae,Uvaria,12.7,Sinnott-Armstrong2019,
557,Vangueria_madagascariensis,Rubiaceae,Vangueria,37.5,Sinnott-Armstrong2019,
558,Vepris_renieri,Rutaceae,Vepris,NA,,
559,Vepris_stolzii,Rutaceae,Vepris,18.7,Sinnott-Armstrong2019,
560,Viscum_congolense,Santalaceae,Viscum,NA,,
561,Viscum_triflorum,Santalaceae,Viscum,NA,,
562,Vitex_doniana,Lamiaceae,Vitex,23.74666667,Sinnott-Armstrong2019,
563,Afzelia_africana,Fabaceae,Afzelia,NA,,
564,Terminalia_leiocarpa,Combretaceae,Terminalia,NA,,
565,Bridelia_ferruginea,Phyllanthaceae,Bridelia,8.241666667,Sinnott-Armstrong2019,
566,Buxus_acutata,Buxaceae,Buxus,NA,,
567,Christiana_africana,Malvaceae,Christiana,NA,,
568,Cissus_populnea,Vitaceae,Cissus,21.4,Sinnott-Armstrong2019,
569,Cola_cordifolia,Malvaceae,Cola,NA,,
570,Cremaspora_triflora,Rubiaceae,Cremaspora,10.75,Sinnott-Armstrong2019,
571,Crossopteryx_febrifuga,Rubiaceae,Crossopteryx,NA,,
572,Cynometra_megalophylla,Fabaceae,Cynometra,46,Sinnott-Armstrong2019,
573,Alantsilodendron_pilosum,Fabaceae,Alantsilodendron,NA,,
574,Diospyros_mespiliformis,Ebenaceae,Diospyros,24.51666667,Sinnott-Armstrong2019,
575,Drypetes_floribunda,Putranjivaceae,Drypetes,21.3,Sinnott-Armstrong2019,
576,Gardenia_aqualla,Rubiaceae,Gardenia,NA,,
577,Lannea_acida,Anacardiaceae,Lannea,9.3,Sinnott-Armstrong2019,
578,Lannea_barteri,Anacardiaceae,Lannea,13.2,Sinnott-Armstrong2019,
579,Leucaena_leucocephala,Fabaceae,Leucaena,NA,,
580,Mallotus_oppositifolius,Euphorbiaceae,Mallotus,6,Sinnott-Armstrong2019,
581,Nauclea_gilletii,Rubiaceae,Nauclea,NA,,
582,Oxyanthus_racemosus,Rubiaceae,Oxyanthus,20.5,Sinnott-Armstrong2019,
583,Parkia_biglobosa,Fabaceae,Parkia,NA,,
584,Malacantha_alnifolia,Sapotaceae,Malacantha,NA,,
585,Saba_senegalensis,Apocynaceae,Saba,85.7,Sinnott-Armstrong2019,
586,Nauclea_latifolia,Rubiaceae,Nauclea,55.7,Sinnott-Armstrong2019,
587,Solanum_incanum,Solanaceae,Solanum,29.90416667,Sinnott-Armstrong2019,
588,Tapura_fischeri,Dichapetalaceae,Tapura,5.25,Sinnott-Armstrong2019,
589,Uvaria_chamae,Annonaceae,Uvaria,38.2,Sinnott-Armstrong2019,
590,Abutilon_guineense,Malvaceae,Abutilon,NA,,
591,Senegalia_ nigrescens,Fabaceae,Senegalia,NA,,
592,Vachellia_robusta,Fabaceae,Vachellia,NA,,
593,Vachellia xanthophloea,Fabaceae,Vachellia xanthophloea,NA,,
594,Acalypha_fruticosa,Euphorbiaceae,Acalypha,NA,,
595,Afzelia_quanzensis,Fabaceae,Afzelia,81,Sinnott-Armstrong2019,
596,Albizia_harveyi,Fabaceae,Albizia,NA,,
597,Alysicarpus_glumaceus,Fabaceae,Alysicarpus,NA,,
598,Balanites_aegyptiaca,Zygophyllaceae,Balanites,46.41666667,Sinnott-Armstrong2019,
599,Schnella_microstachya,Fabaceae,Schnella,NA,,
600,Phyllogeiton_discolor,Rhamnaceae,Phyllogeiton,NA,,
601,Blepharis_stuhlmannii,Acanthaceae,Blepharis,NA,,
602,Urochloa_brizantha,Poaceae,Urochloa,NA,,
603,Brachiaria_deflexa,Poaceae,Brachiaria,NA,,
604,Brachiaria_xantholeuca,Poaceae,Brachiaria,NA,,
605,Brachystegia_bussei,Fabaceae,Brachystegia,NA,,
606,Brachystegia_tamarindoides,Fabaceae,Brachystegia,NA,,
607,Bullockia_setiflora,Rubiaceae,Bullockia,NA,,
608,Caperonia_stuhlmannii,Euphorbiaceae,Caperonia,NA,,
609,Cissus_cornifolia,Vitaceae,Cissus,10,Sinnott-Armstrong2019,
610,Cissus_verticillata,Vitaceae,Cissus,7.75,Sinnott-Armstrong2019,
611,Combretum_mossambicense,Combretaceae,Combretum,NA,,
612,Combretum_zeyheri,Combretaceae,Combretum,NA,,
613,Commiphora_africana,Burseraceae,Commiphora,13.366,Sinnott-Armstrong2019,
614,Cordyla_africana,Fabaceae,Cordyla,60,Sinnott-Armstrong2019,
615,Croton_dichogamus,Euphorbiaceae,Croton,NA,,
616,Cucumis_hirsutus,Cucurbitaceae,Cucumis,47.5,Sinnott-Armstrong2019,
617,Cucumis_melo,Cucurbitaceae,Cucumis,118.75,Sinnott-Armstrong2019,
618,Cucumis_sacleuxii,Cucurbitaceae,Cucumis,NA,,
619,Cyphostemma_gigantophyllum,Vitaceae,Cyphostemma,12,Sinnott-Armstrong2019,
620,Digitaria_milanjiana,Poaceae,Digitaria,NA,,
621,Dioscorea_sansibarensis,Dioscoreaceae,Dioscorea,NA,,
622,Diospyros_kirkii,Ebenaceae,Diospyros,35,Sinnott-Armstrong2019,
623,Diospyros_loureiroana,Ebenaceae,Diospyros,NA,,
624,Digitaria_leucites,Poaceae,Digitaria,NA,,
625,Eleusine_indica,Poaceae,Eleusine,NA,,
626,Eriochloa_barbatus,Poaceae,Eriochloa,NA,,
627,Erythroxylum_emarginatum,Erythroxylaceae,Erythroxylum,10.08823529,Sinnott-Armstrong2019,
628,Euphorbia_hirta,Euphorbiaceae,Euphorbia,NA,,
629,Euphorbia_systyloides,Euphorbiaceae,Euphorbia,NA,,
630,Ficus_platyphylla,Moraceae,Ficus,17.475,Sinnott-Armstrong2019,
631,Grevea_eggelingii,Montiniaceae,Grevea,NA,,
632,Haplocoelum_inoploeum,Sapindaceae,Haplocoelum,16,Sinnott-Armstrong2019,
633,Hibiscus_articulatus,Malvaceae,Hibiscus,NA,,
634,Hibiscus_cannabinus,Malvaceae,Hibiscus,NA,,
635,Hibiscus_micranthus,Malvaceae,Hibiscus,NA,,
636,Hygrophila_auriculata,Acanthaceae,Hygrophila,NA,,
637,Hyparrhenia_filipendula,Poaceae,Hyparrhenia,NA,,
638,Indigofera_colutea,Fabaceae,Indigofera,NA,,
639,Indigofera_dendroides,Fabaceae,Indigofera,NA,,
640,Ipomoea_aquatica,Convolvulaceae,Ipomoea,NA,,
641,Ipomoea_biflora,Convolvulaceae,Ipomoea,NA,,
642,Ipomoea_coptica,Convolvulaceae,Ipomoea,NA,,
643,Ipomoea_crassipes,Convolvulaceae,Ipomoea,NA,,
644,Ipomoea_eriocarpa,Convolvulaceae,Ipomoea,NA,,
645,Ipomoea_lapathifolia,Convolvulaceae,Ipomoea,NA,,
646,Ipomoea_mombassana,Convolvulaceae,Ipomoea,NA,,
647,Ipomoea_obscura,Convolvulaceae,Ipomoea,NA,,
648,Ipomoea_pileata,Convolvulaceae,Ipomoea,NA,,
649,Ipomoea_venosa,Convolvulaceae,Ipomoea,NA,,
650,Lannea_schweinfurthii,Anacardiaceae,Lannea,11,Sinnott-Armstrong2019,
651,Lantana_radula,Verbenaceae,Lantana,NA,,
652,Leptochloa_panicea,Poaceae,Leptochloa,NA,,
653,Maerua_grantii,Capparaceae,Maerua,NA,,
654,Manilkara_mochisia,Sapotaceae,Manilkara,17.66666667,Sinnott-Armstrong2019,
655,Meyna_tetraphylla,Rubiaceae,Meyna,NA,,
656,Oryza_punctata,Poaceae,Oryza,NA,,
657,Dichanthelium_dichotomum,Poaceae,Dichanthelium,NA,,
658,Megathyrsus_infestus,Poaceae,Megathyrsus,NA,,
659,Pavetta_fascifolia,Rubiaceae,Pavetta,7.5,Sinnott-Armstrong2019,
660,Pseudolachnostylis_maprouneifolia,Phyllanthaceae,Pseudolachnostylis,NA,,
661,Terminalia_myrtifolia,Combretaceae,Terminalia,NA,,
662,Pyrenacantha_kaurabassana,Icacinaceae,Pyrenacantha,19,Sinnott-Armstrong2019,
663,Rourea_orientalis,Connaraceae,Rourea,NA,,
664,Schoenoplectiella_articulata,Cyperaceae,Schoenoplectiella,NA,,
665,Scleria_microcarpa,Cyperaceae,Scleria,NA,,
666,Sclerocarya_birrea,Anacardiaceae,Sclerocarya,54.925,Sinnott-Armstrong2019,
667,Setaria_incrassata,Poaceae,Setaria,NA,,
668,Sida_acuta,Malvaceae,Sida,NA,,
669,Sida_rhombifolia,Malvaceae,Sida,NA,,
670,Sida_spinosa,Malvaceae,Sida,NA,,
671,Siphonochilus_kirkii,Zingiberaceae,Siphonochilus,NA,,
672,Slereospermum_kunthianum,Bignoniaceae,Slereospermum,NA,,
673,Sorghum_veriscolor,Poaceae,Sorghum,NA,,
674,Spermacoce_sphaerostigma,Rubiaceae,Spermacoce,NA,,
675,Sphaeranthus_kirkii,Compositae,Sphaeranthus,NA,,
676,Sporobolus_fimbriatus,Poaceae,Sporobolus,NA,,
677,Sporobolus_ioclados,Poaceae,Sporobolus,NA,,
678,Sporobolus_pyramidalis,Poaceae,Sporobolus,NA,,
679,Strychnos_madagascariensis,Loganiaceae,Strychnos,52.22222222,Sinnott-Armstrong2019,
680,Tephrosia_pumila,Fabaceae,Tephrosia,NA,,
681,Tephrosia_stormsii,Fabaceae,Tephrosia,NA,,
682,Terminalia_mollis,Combretaceae,Terminalia,NA,,
683,Terminalia_spinosa,Combretaceae,Terminalia,NA,,
684,Themeda_triandra,Poaceae,Themeda,NA,,
685,Tragia_furialis,Euphorbiaceae,Tragia,NA,,
686,Tricholaena_monachne,Poaceae,Tricholaena,NA,,
687,Tricliceras_brevicaule,Turneraceae,Tricliceras,NA,,
688,Tylosema_fassoglense,Fabaceae,Tylosema,NA,,
689,Urochloa_trichopus,Poaceae,Urochloa,NA,,
690,Vigna_friesiorum,Fabaceae,Vigna,NA,,
691,Vigna_frutescens,Fabaceae,Vigna,NA,,
692,Vigna_vexillata,Fabaceae,Vigna,NA,,
693,Vinga_unguiculata,Fabaceae,Vinga,NA,,
694,Albizia_zygia,Fabaceae,Albizia,NA,,
695,Amphimas_pterocarpoides,Fabaceae,Amphimas,NA,,
696,Erythrophleum_ivorense,Fabaceae,Erythrophleum,NA,,
697,Myrianthus_libericus,Urticaceae,Myrianthus,NA,,
698,Plagiosiphon_emarginatus,Fabaceae,Plagiosiphon,NA,,
699,Odyendea_gabunensis,Simaroubaceae,Odyendea,NA,,
700,Terminalia_ivorensis,Combretaceae,Terminalia,NA,,
701,Dialium_dinklagei,Fabaceae,Dialium,NA,,
702,Millettia_leonensis,Fabaceae,Millettia,NA,,
703,Shirakiopsis_aubrevillei,Euphorbiaceae,Shirakiopsis,NA,,
704,Vitex_ferruginea,Lamiaceae,Vitex,29.72727273,Sinnott-Armstrong2019,
705,Vitex_grandifolia,Lamiaceae,Vitex,NA,,
706,Vitex_micrantha,Lamiaceae,Vitex,NA,,
707,Voacanga_africana,Apocynaceae,Voacanga,55,Sinnott-Armstrong2019,
708,Warburgia_ugandensis,Canellaceae,Warburgia,48.6125,Sinnott-Armstrong2019,
709,Aganope_stuhlmannii,Fabaceae,Aganope,NA,,
710,Ximenia_americana,Olacaceae,Ximenia,24.55416667,Sinnott-Armstrong2019,
711,Xylopia_acutiflora,Annonaceae,Xylopia,NA,,
712,Xylopia_aethiopica,Annonaceae,Xylopia,37.5,Sinnott-Armstrong2019,
713,Xylopia_hypolampra,Annonaceae,Xylopia,NA,,
714,Xylopia_quintasii,Annonaceae,Xylopia,NA,,
715,Xylopia_rubescens,Annonaceae,Xylopia,50,Sinnott-Armstrong2019,
716,Xylopia_staudtii,Annonaceae,Xylopia,NA,,
717,Xymalos_monospora,Monimiaceae,Xymalos,11.2875,Sinnott-Armstrong2019,
718,Zanthoxylum_heitzii,Rutaceae,Zanthoxylum,NA,,
719,Zehneria_scabra,Cucurbitaceae,Zehneria,NA,,
720,Zehneria_thwaitesii,Cucurbitaceae,Zehneria,30,Sinnott-Armstrong2019,
721,Brenania_brieyi,Rubiaceae,Brenania,NA,,
722,Gambeya_beguei,Sapotaceae,Gambeya,NA,,
723,Pachyelasma_tessmannii,Fabaceae,Pachyelasma,NA,,
724,Thomandersia_laurifolia,Thromandersiaceae,Thomandersia,NA,,
725,Antrocaryon_micraster,Anacardiaceae,Antrocaryon,50.8,Sinnott-Armstrong2019,
726,Gambeya_perpulchra,Sapotaceae,Gambeya,NA,,
727,Manilkara_mabokeensis,Sapotaceae,Manilkara,NA,,